rank,ap,ap50,ap75,aps,apm,apl,ar100,detections,method,iou_thr,score_thr,primary_count,weights,inputs
1,0.6248241980314762,0.8214237928569113,0.7479782201716746,0.25957979234604633,0.623564535942013,0.8180504268120522,0.707206513464177,105018,wbf,0.75,0.0005,1,1.000 1.100,submissions\phase0_rgbt2\rgbt_tta_val.json | submissions\gem_adapter_yolo_pretrained_fix_last_val.json
2,0.6248241980314762,0.8214237928569113,0.7479782201716746,0.25957979234604633,0.623564535942013,0.8180504268120522,0.7069446374466776,98422,wbf,0.75,0.001,1,1.000 1.100,submissions\phase0_rgbt2\rgbt_tta_val.json | submissions\gem_adapter_yolo_pretrained_fix_last_val.json
3,0.6248053628995082,0.8210566788208005,0.7480422715256041,0.2595314773794465,0.6236577701604187,0.81771002670745,0.7070263282099251,103556,wbf,0.7,0.0005,1,1.000 1.100,submissions\phase0_rgbt2\rgbt_tta_val.json | submissions\gem_adapter_yolo_pretrained_fix_last_val.json
4,0.6248053628995082,0.8210566788208005,0.7480422715256041,0.2595314773794465,0.6236577701604187,0.81771002670745,0.7067693093907935,97119,wbf,0.7,0.001,1,1.000 1.100,submissions\phase0_rgbt2\rgbt_tta_val.json | submissions\gem_adapter_yolo_pretrained_fix_last_val.json
5,0.6247350567296654,0.82145089500407,0.7477847381991088,0.2591414813472173,0.6234961899493932,0.8184905441520074,0.7072037878833772,105351,wbf,0.8,0.0005,1,1.000 1.100,submissions\phase0_rgbt2\rgbt_tta_val.json | submissions\gem_adapter_yolo_pretrained_fix_last_val.json
6,0.6247350567296654,0.82145089500407,0.7477847381991088,0.2591414813472173,0.6234297685389882,0.8184905441520074,0.706941911865878,98655,wbf,0.8,0.001,1,1.000 1.100,submissions\phase0_rgbt2\rgbt_tta_val.json | submissions\gem_adapter_yolo_pretrained_fix_last_val.json
7,0.6243055261714194,0.8208650504643069,0.7472570331389439,0.25836128044382584,0.6227683337802797,0.8187750439303247,0.7069284764434207,105449,wbf,0.85,0.0005,1,1.000 1.100,submissions\phase0_rgbt2\rgbt_tta_val.json | submissions\gem_adapter_yolo_pretrained_fix_last_val.json
8,0.6242796303604825,0.8208650504643069,0.7472570331389439,0.25836128044382584,0.6227020165603224,0.8187750439303247,0.7066666004259212,98674,wbf,0.85,0.001,1,1.000 1.100,submissions\phase0_rgbt2\rgbt_tta_val.json | submissions\gem_adapter_yolo_pretrained_fix_last_val.json
9,0.6239461751817557,0.8205484565256445,0.7478326608808494,0.2594181347190947,0.6230146344973272,0.8160152059194351,0.7057418616846851,88952,wbf,0.65,0.0005,1,1.000 1.100,submissions\phase0_rgbt2\rgbt_tta_val.json | submissions\gem_adapter_yolo_pretrained_fix_last_val.json
10,0.6239461751817557,0.8205484565256445,0.7478326608808494,0.2594181347190947,0.6230146344973272,0.8160152059194351,0.7054887286242484,83828,wbf,0.65,0.001,1,1.000 1.100,submissions\phase0_rgbt2\rgbt_tta_val.json | submissions\gem_adapter_yolo_pretrained_fix_last_val.json
11,0.6235632568233076,0.820768503582112,0.7464489483962343,0.25888898531352555,0.6226956591838475,0.8155712382882735,0.7046448199257932,79597,wbf,0.6,0.0005,1,1.000 1.100,submissions\phase0_rgbt2\rgbt_tta_val.json | submissions\gem_adapter_yolo_pretrained_fix_last_val.json
12,0.6235632568233076,0.820768503582112,0.7464489483962343,0.25888898531352555,0.6226956591838475,0.8155712382882735,0.7043916868653561,75260,wbf,0.6,0.001,1,1.000 1.100,submissions\phase0_rgbt2\rgbt_tta_val.json | submissions\gem_adapter_yolo_pretrained_fix_last_val.json
13,0.6221505321407691,0.8167066450120485,0.7432742575030772,0.25211378994906336,0.6206231039682236,0.8157741815196232,0.7071778699693951,105380,wbf,0.8,0.0005,1,1.000 0.950,submissions\phase0_rgbt2\rgbt_tta_val.json | submissions\gem_adapter_yolo_pretrained_fix_last_val.json
14,0.6221505321407691,0.8167066450120485,0.7432742575030772,0.25211378994906336,0.6205606122061263,0.8157741815196232,0.7069257083486317,102363,wbf,0.8,0.001,1,1.000 0.950,submissions\phase0_rgbt2\rgbt_tta_val.json | submissions\gem_adapter_yolo_pretrained_fix_last_val.json
15,0.6221176338177484,0.8165078724472818,0.7435505984895775,0.2511505400635026,0.6207117486311986,0.8149799863382361,0.7070388906876997,104033,wbf,0.7,0.0005,1,1.000 0.950,submissions\phase0_rgbt2\rgbt_tta_val.json | submissions\gem_adapter_yolo_pretrained_fix_last_val.json
16,0.6221176338177484,0.8165078724472818,0.7435505984895775,0.2511505400635026,0.6206448013188902,0.8149799863382361,0.7067867290669363,101127,wbf,0.7,0.001,1,1.000 0.950,submissions\phase0_rgbt2\rgbt_tta_val.json | submissions\gem_adapter_yolo_pretrained_fix_last_val.json
17,0.6220909144134095,0.8164662315552861,0.7432489229736133,0.252372732023426,0.6206430372806143,0.8155913451896812,0.7071290828137616,105154,wbf,0.75,0.0005,1,1.000 0.950,submissions\phase0_rgbt2\rgbt_tta_val.json | submissions\gem_adapter_yolo_pretrained_fix_last_val.json
18,0.6220909144134095,0.8164662315552861,0.7432489229736133,0.252372732023426,0.6205765636521196,0.8155913451896812,0.7068769211929982,102178,wbf,0.75,0.001,1,1.000 0.950,submissions\phase0_rgbt2\rgbt_tta_val.json | submissions\gem_adapter_yolo_pretrained_fix_last_val.json
19,0.6217333288366926,0.8164359862386052,0.7430652626822197,0.25258487933906326,0.6200992854904127,0.8156226623032387,0.7067464394187987,105452,wbf,0.85,0.0005,1,1.000 0.950,submissions\phase0_rgbt2\rgbt_tta_val.json | submissions\gem_adapter_yolo_pretrained_fix_last_val.json
20,0.6217333288366926,0.8164359862386052,0.7430652626822197,0.25258487933906326,0.6200368914480373,0.8156226623032387,0.7064942777980353,102398,wbf,0.85,0.001,1,1.000 0.950,submissions\phase0_rgbt2\rgbt_tta_val.json | submissions\gem_adapter_yolo_pretrained_fix_last_val.json
21,0.6215310617512065,0.8162021363464746,0.7430017562728155,0.25122654953051243,0.6202613590995998,0.815619176747469,0.7070698355651972,105383,wbf,0.8,0.0005,1,1.000 0.800,submissions\phase0_rgbt2\rgbt_tta_val.json | submissions\gem_adapter_yolo_pretrained_fix_last_val.json
22,0.6215298541633295,0.8160887901781324,0.7432203581379428,0.250228930670587,0.6203260604983044,0.8149489170779267,0.7070205841625622,104173,wbf,0.7,0.0005,1,1.000 0.800,submissions\phase0_rgbt2\rgbt_tta_val.json | submissions\gem_adapter_yolo_pretrained_fix_last_val.json
23,0.6214862517479972,0.8162021363464746,0.7430017562728155,0.25122654953051243,0.620210688412437,0.815619176747469,0.7068176739444338,102366,wbf,0.8,0.001,1,1.000 0.800,submissions\phase0_rgbt2\rgbt_tta_val.json | submissions\gem_adapter_yolo_pretrained_fix_last_val.json
24,0.6214848550883768,0.8160887901781324,0.7432203581379428,0.250228930670587,0.6202082809478374,0.8149489170779267,0.7067684225417991,101265,wbf,0.7,0.001,1,1.000 0.800,submissions\phase0_rgbt2\rgbt_tta_val.json | submissions\gem_adapter_yolo_pretrained_fix_last_val.json
25,0.6214609122286947,0.8160315651852481,0.7430751008277474,0.25136952764863224,0.6203286324608711,0.8154300689260847,0.7070264728015426,105187,wbf,0.75,0.0005,1,1.000 0.800,submissions\phase0_rgbt2\rgbt_tta_val.json | submissions\gem_adapter_yolo_pretrained_fix_last_val.json
26,0.6214527271983913,0.8158209444517011,0.743183907661577,0.2503585580355139,0.6202468442475527,0.8151038744561993,0.7069538272336046,104243,wbf,0.7,0.0005,1,1.000 0.700,submissions\phase0_rgbt2\rgbt_tta_val.json | submissions\gem_adapter_yolo_pretrained_fix_last_val.json
27,0.6214160753125707,0.8160315651852481,0.7430751008277474,0.25136952764863224,0.6202114084743217,0.8154300689260847,0.7067743111807794,102211,wbf,0.75,0.001,1,1.000 0.800,submissions\phase0_rgbt2\rgbt_tta_val.json | submissions\gem_adapter_yolo_pretrained_fix_last_val.json
28,0.6214090686048165,0.8160023552910176,0.7428477016345936,0.251152000130008,0.6200691325240278,0.8155991473164512,0.7069016023701508,105388,wbf,0.8,0.0005,1,1.000 0.700,submissions\phase0_rgbt2\rgbt_tta_val.json | submissions\gem_adapter_yolo_pretrained_fix_last_val.json
29,0.6214077281234385,0.8158209444517011,0.743183907661577,0.2503585580355139,0.6201290646970857,0.8151038744561993,0.7067016656128412,101334,wbf,0.7,0.001,1,1.000 0.700,submissions\phase0_rgbt2\rgbt_tta_val.json | submissions\gem_adapter_yolo_pretrained_fix_last_val.json
30,0.6214016734003696,0.8157779216155865,0.7430818615089657,0.2515629205100833,0.6201417340740288,0.8155962139074544,0.7069431961113876,105209,wbf,0.75,0.0005,1,1.000 0.700,submissions\phase0_rgbt2\rgbt_tta_val.json | submissions\gem_adapter_yolo_pretrained_fix_last_val.json
31,0.6213642586016073,0.8160023552910176,0.7428477016345936,0.251152000130008,0.6199559700747678,0.8155991473164512,0.7066494407493874,102371,wbf,0.8,0.001,1,1.000 0.700,submissions\phase0_rgbt2\rgbt_tta_val.json | submissions\gem_adapter_yolo_pretrained_fix_last_val.json
32,0.6213568364842454,0.8157779216155865,0.7430818615089657,0.2515629205100833,0.6200245100874793,0.8155962139074544,0.7066910344906242,102232,wbf,0.75,0.001,1,1.000 0.700,submissions\phase0_rgbt2\rgbt_tta_val.json | submissions\gem_adapter_yolo_pretrained_fix_last_val.json
33,0.6212335287294868,0.8161153290742109,0.7427808629851109,0.25136334470244054,0.6196476816980124,0.8156901916843168,0.706627708604698,105453,wbf,0.85,0.0005,1,1.000 0.800,submissions\phase0_rgbt2\rgbt_tta_val.json | submissions\gem_adapter_yolo_pretrained_fix_last_val.json
34,0.6211887456069035,0.8161153290742109,0.7427808629851109,0.25136334470244054,0.6195970904319892,0.8156901916843168,0.7063755469839349,102399,wbf,0.85,0.001,1,1.000 0.800,submissions\phase0_rgbt2\rgbt_tta_val.json | submissions\gem_adapter_yolo_pretrained_fix_last_val.json
35,0.6211607502197795,0.8158861934862426,0.7426392489285081,0.2512007198173179,0.6195304414664423,0.8157529626319417,0.7064604468493253,105453,wbf,0.85,0.0005,1,1.000 0.700,submissions\phase0_rgbt2\rgbt_tta_val.json | submissions\gem_adapter_yolo_pretrained_fix_last_val.json
36,0.6211159670971961,0.8158861934862426,0.7426392489285081,0.2512007198173179,0.6194174561580438,0.8157529626319417,0.7062082852285622,102399,wbf,0.85,0.001,1,1.000 0.700,submissions\phase0_rgbt2\rgbt_tta_val.json | submissions\gem_adapter_yolo_pretrained_fix_last_val.json
37,0.6210066764594753,0.8157599556060987,0.7428774293984421,0.25032755284598096,0.6198019539066361,0.8147315662900293,0.7066337885694485,104270,wbf,0.7,0.0005,1,1.000 0.650,submissions\phase0_rgbt2\rgbt_tta_val.json | submissions\gem_adapter_yolo_pretrained_fix_last_val.json
38,0.6210066764594753,0.8157599556060987,0.7428774293984421,0.25032755284598096,0.6197351652372479,0.8147315662900293,0.7063816269486851,101361,wbf,0.7,0.001,1,1.000 0.650,submissions\phase0_rgbt2\rgbt_tta_val.json | submissions\gem_adapter_yolo_pretrained_fix_last_val.json
39,0.6209784526700041,0.8157347531294439,0.7427036195554761,0.25155099939023184,0.6196888969595336,0.8151197010954488,0.7066042852738774,105223,wbf,0.75,0.0005,1,1.000 0.650,submissions\phase0_rgbt2\rgbt_tta_val.json | submissions\gem_adapter_yolo_pretrained_fix_last_val.json
40,0.6209784526700041,0.8157347531294439,0.7427036195554761,0.25155099939023184,0.6196224233310386,0.8151197010954488,0.7063521236531141,102245,wbf,0.75,0.001,1,1.000 0.650,submissions\phase0_rgbt2\rgbt_tta_val.json | submissions\gem_adapter_yolo_pretrained_fix_last_val.json
41,0.6209677557930562,0.815969745919511,0.7424639715947987,0.2511608513345349,0.6195754900093141,0.8152114775598865,0.7065762969748177,105391,wbf,0.8,0.0005,1,1.000 0.650,submissions\phase0_rgbt2\rgbt_tta_val.json | submissions\gem_adapter_yolo_pretrained_fix_last_val.json
42,0.6209677557930562,0.815969745919511,0.7424639715947987,0.2511608513345349,0.6195754900093141,0.8152114775598865,0.7063241353540544,102374,wbf,0.8,0.001,1,1.000 0.650,submissions\phase0_rgbt2\rgbt_tta_val.json | submissions\gem_adapter_yolo_pretrained_fix_last_val.json
43,0.620734895470375,0.8158138158316273,0.7423831096599312,0.25129028237399237,0.6190666562576407,0.8154818670155156,0.7061409700920339,105453,wbf,0.85,0.0005,1,1.000 0.650,submissions\phase0_rgbt2\rgbt_tta_val.json | submissions\gem_adapter_yolo_pretrained_fix_last_val.json
44,0.620734895470375,0.8158138158316273,0.7423831096599312,0.25129028237399237,0.6190666562576407,0.8154818670155156,0.7058888084712706,102399,wbf,0.85,0.001,1,1.000 0.650,submissions\phase0_rgbt2\rgbt_tta_val.json | submissions\gem_adapter_yolo_pretrained_fix_last_val.json
45,0.6204477182921694,0.8157202692843616,0.7414847985603157,0.24924602787588532,0.6199897169824836,0.8123454645608482,0.7051698192871911,88772,wbf,0.65,0.0005,1,1.000 0.950,submissions\phase0_rgbt2\rgbt_tta_val.json | submissions\gem_adapter_yolo_pretrained_fix_last_val.json
46,0.6204477182921694,0.8157202692843616,0.7414847985603157,0.24924602787588532,0.6199196635811202,0.8123454645608482,0.7049215434251223,86444,wbf,0.65,0.001,1,1.000 0.950,submissions\phase0_rgbt2\rgbt_tta_val.json | submissions\gem_adapter_yolo_pretrained_fix_last_val.json
47,0.6200234295477765,0.8151746585941012,0.7409411364788808,0.2513894281319627,0.6185094320152666,0.812920359548647,0.7057457714485635,105394,wbf,0.8,0.0005,1,1.000 0.500,submissions\phase0_rgbt2\rgbt_tta_val.json | submissions\gem_adapter_yolo_pretrained_fix_last_val.json
48,0.6200234295477765,0.8151746585941012,0.7409411364788808,0.2513894281319627,0.6185094320152666,0.812920359548647,0.7054936098278002,102377,wbf,0.8,0.001,1,1.000 0.500,submissions\phase0_rgbt2\rgbt_tta_val.json | submissions\gem_adapter_yolo_pretrained_fix_last_val.json
49,0.6198951029765152,0.8144276312267374,0.7411485548925569,0.2517217619796552,0.6186127083849975,0.8128338501720223,0.7058590573647909,105254,wbf,0.75,0.0005,1,1.000 0.500,submissions\phase0_rgbt2\rgbt_tta_val.json | submissions\gem_adapter_yolo_pretrained_fix_last_val.json
50,0.6198951029765152,0.8144276312267374,0.7411485548925569,0.2517217619796552,0.6186127083849975,0.8128338501720223,0.7056068957440276,102275,wbf,0.75,0.001,1,1.000 0.500,submissions\phase0_rgbt2\rgbt_tta_val.json | submissions\gem_adapter_yolo_pretrained_fix_last_val.json
51,0.6198855227588466,0.8144436064357611,0.7413485390395392,0.2503460889608896,0.6186088562400882,0.8122815678001611,0.7058049851279535,104326,wbf,0.7,0.0005,1,1.000 0.500,submissions\phase0_rgbt2\rgbt_tta_val.json | submissions\gem_adapter_yolo_pretrained_fix_last_val.json
52,0.6198855227588466,0.8144436064357611,0.7413485390395392,0.2503460889608896,0.6186088562400882,0.8122815678001611,0.7055528235071903,101415,wbf,0.7,0.001,1,1.000 0.500,submissions\phase0_rgbt2\rgbt_tta_val.json | submissions\gem_adapter_yolo_pretrained_fix_last_val.json
53,0.6197655623613108,0.8150227906296714,0.7408410240781289,0.2515102949129383,0.6181984736635515,0.8131353407863103,0.7053596748540159,105453,wbf,0.85,0.0005,1,1.000 0.500,submissions\phase0_rgbt2\rgbt_tta_val.json | submissions\gem_adapter_yolo_pretrained_fix_last_val.json
54,0.6197655623613108,0.8150227906296714,0.7408410240781289,0.2515102949129383,0.6181984736635515,0.8131353407863103,0.7051075132332525,102399,wbf,0.85,0.001,1,1.000 0.500,submissions\phase0_rgbt2\rgbt_tta_val.json | submissions\gem_adapter_yolo_pretrained_fix_last_val.json
55,0.6197394255724024,0.8152605274284227,0.7411858046970435,0.24813908078057678,0.6194489489813396,0.8119346821468671,0.704891222914532,88716,wbf,0.65,0.0005,1,1.000 0.800,submissions\phase0_rgbt2\rgbt_tta_val.json | submissions\gem_adapter_yolo_pretrained_fix_last_val.json
56,0.6197394255724024,0.8152605274284227,0.7411858046970435,0.24813908078057678,0.6193256165488409,0.8119346821468671,0.7046429470524629,86386,wbf,0.65,0.001,1,1.000 0.800,submissions\phase0_rgbt2\rgbt_tta_val.json | submissions\gem_adapter_yolo_pretrained_fix_last_val.json
57,0.6197179306429589,0.8156776635074048,0.7406187994037411,0.24604799378192,0.6194366719569805,0.812196064515608,0.7041576814728971,79391,wbf,0.6,0.0005,1,1.000 0.950,submissions\phase0_rgbt2\rgbt_tta_val.json | submissions\gem_adapter_yolo_pretrained_fix_last_val.json
58,0.6197179306429589,0.8156776635074048,0.7406187994037411,0.24604799378192,0.6193639056442047,0.812196064515608,0.7039094056108283,77426,wbf,0.6,0.001,1,1.000 0.950,submissions\phase0_rgbt2\rgbt_tta_val.json | submissions\gem_adapter_yolo_pretrained_fix_last_val.json
59,0.6194899171199554,0.8150031459038813,0.7407507785633609,0.24861066691870448,0.6191069685717597,0.8117615405323656,0.7046726937803706,88693,wbf,0.65,0.0005,1,1.000 0.700,submissions\phase0_rgbt2\rgbt_tta_val.json | submissions\gem_adapter_yolo_pretrained_fix_last_val.json
60,0.6194899171199554,0.8150031459038813,0.7407507785633609,0.24861066691870448,0.6189835340428764,0.8117615405323656,0.7044244179183017,86364,wbf,0.65,0.001,1,1.000 0.700,submissions\phase0_rgbt2\rgbt_tta_val.json | submissions\gem_adapter_yolo_pretrained_fix_last_val.json
61,0.6192299392820104,0.8149665948263317,0.7404851671621265,0.2485586342655664,0.6187058785123255,0.8115349989820562,0.7043472307242353,88685,wbf,0.65,0.0005,1,1.000 0.650,submissions\phase0_rgbt2\rgbt_tta_val.json | submissions\gem_adapter_yolo_pretrained_fix_last_val.json
62,0.6192299392820104,0.8149665948263317,0.7404851671621265,0.2485586342655664,0.6186359409974822,0.8115349989820562,0.7040989548621666,86357,wbf,0.65,0.001,1,1.000 0.650,submissions\phase0_rgbt2\rgbt_tta_val.json | submissions\gem_adapter_yolo_pretrained_fix_last_val.json
63,0.6191380351590439,0.8152809163451828,0.7404903084321667,0.2460470727830571,0.6187508958452598,0.8118343890822918,0.7038606308466993,79308,wbf,0.6,0.0005,1,1.000 0.800,submissions\phase0_rgbt2\rgbt_tta_val.json | submissions\gem_adapter_yolo_pretrained_fix_last_val.json
64,0.6191380351590439,0.8152809163451828,0.7404903084321667,0.2460470727830571,0.6186227954063499,0.8118343890822918,0.7036123549846303,77342,wbf,0.6,0.001,1,1.000 0.800,submissions\phase0_rgbt2\rgbt_tta_val.json | submissions\gem_adapter_yolo_pretrained_fix_last_val.json
65,0.6190874353744606,0.8150770136187145,0.7405550810603284,0.2508084941676065,0.6177472081602683,0.811441858986589,0.7049792029727281,105399,wbf,0.8,0.0005,1,1.000 0.350,submissions\phase0_rgbt2\rgbt_tta_val.json | submissions\gem_adapter_yolo_pretrained_fix_last_val.json
66,0.6190874353744606,0.8150770136187145,0.7405550810603284,0.2508084941676065,0.6176351051578358,0.811441858986589,0.704727041351965,102382,wbf,0.8,0.001,1,1.000 0.350,submissions\phase0_rgbt2\rgbt_tta_val.json | submissions\gem_adapter_yolo_pretrained_fix_last_val.json
67,0.6189347160963152,0.8143228038974619,0.7408533515127191,0.24934497506537093,0.617803502107583,0.8109365667358719,0.7049669185020951,104378,wbf,0.7,0.0005,1,1.000 0.350,submissions\phase0_rgbt2\rgbt_tta_val.json | submissions\gem_adapter_yolo_pretrained_fix_last_val.json
68,0.6189347160963152,0.8143228038974619,0.7408533515127191,0.24934497506537093,0.6176908699485121,0.8109365667358719,0.7047147568813318,101467,wbf,0.7,0.001,1,1.000 0.350,submissions\phase0_rgbt2\rgbt_tta_val.json | submissions\gem_adapter_yolo_pretrained_fix_last_val.json
69,0.6189200596046418,0.8142667873184994,0.7406488205275901,0.2508457236097314,0.6178730506278239,0.8113536419073402,0.7050254384044912,105278,wbf,0.75,0.0005,1,1.000 0.350,submissions\phase0_rgbt2\rgbt_tta_val.json | submissions\gem_adapter_yolo_pretrained_fix_last_val.json
70,0.6189200596046418,0.8142667873184994,0.7406488205275901,0.2508457236097314,0.6177608597781711,0.8113536419073402,0.7047732767837279,102299,wbf,0.75,0.001,1,1.000 0.350,submissions\phase0_rgbt2\rgbt_tta_val.json | submissions\gem_adapter_yolo_pretrained_fix_last_val.json
71,0.6189069205598962,0.8150142131035335,0.7399422806654312,0.2462954830230694,0.6182895277225531,0.8116417179056034,0.703642187536737,79287,wbf,0.6,0.0005,1,1.000 0.700,submissions\phase0_rgbt2\rgbt_tta_val.json | submissions\gem_adapter_yolo_pretrained_fix_last_val.json
72,0.6189069205598962,0.8150142131035335,0.7399422806654312,0.2462954830230694,0.6181614272836432,0.8116417179056034,0.703393911674668,77321,wbf,0.6,0.001,1,1.000 0.700,submissions\phase0_rgbt2\rgbt_tta_val.json | submissions\gem_adapter_yolo_pretrained_fix_last_val.json
73,0.6188440933611691,0.814925692592799,0.7405088523984866,0.25097959673777714,0.6174317480123113,0.8116550330616825,0.7046462277118576,105453,wbf,0.85,0.0005,1,1.000 0.350,submissions\phase0_rgbt2\rgbt_tta_val.json | submissions\gem_adapter_yolo_pretrained_fix_last_val.json
74,0.6188440933611691,0.814925692592799,0.7405088523984866,0.25097959673777714,0.6173196450098789,0.8116550330616825,0.7043940660910941,102399,wbf,0.85,0.001,1,1.000 0.350,submissions\phase0_rgbt2\rgbt_tta_val.json | submissions\gem_adapter_yolo_pretrained_fix_last_val.json
75,0.6185078641658572,0.8149532174929476,0.739682487811682,0.24619119051812663,0.6178634595683444,0.8112116606303498,0.7032613312722208,79263,wbf,0.6,0.0005,1,1.000 0.650,submissions\phase0_rgbt2\rgbt_tta_val.json | submissions\gem_adapter_yolo_pretrained_fix_last_val.json
76,0.6185078641658572,0.8149532174929476,0.739682487811682,0.24619119051812663,0.6177908182835975,0.8112116606303498,0.7030130554101518,77297,wbf,0.6,0.001,1,1.000 0.650,submissions\phase0_rgbt2\rgbt_tta_val.json | submissions\gem_adapter_yolo_pretrained_fix_last_val.json
77,0.6182329732802279,0.8135702266967275,0.7392280362766442,0.24842726524986256,0.6177352035175568,0.8090653756952462,0.703540838815766,88625,wbf,0.65,0.0005,1,1.000 0.500,submissions\phase0_rgbt2\rgbt_tta_val.json | submissions\gem_adapter_yolo_pretrained_fix_last_val.json
78,0.6182329732802279,0.8135702266967275,0.7392280362766442,0.24842726524986256,0.617665381506454,0.8090653756952462,0.703292562953697,86296,wbf,0.65,0.001,1,1.000 0.500,submissions\phase0_rgbt2\rgbt_tta_val.json | submissions\gem_adapter_yolo_pretrained_fix_last_val.json
79,0.6173869864696172,0.8134591172365402,0.7383589485589126,0.246075926652487,0.6169758317434003,0.808665997543224,0.7024836117580397,79180,wbf,0.6,0.0005,1,1.000 0.500,submissions\phase0_rgbt2\rgbt_tta_val.json | submissions\gem_adapter_yolo_pretrained_fix_last_val.json
80,0.6173869864696172,0.8134591172365402,0.7383589485589126,0.246075926652487,0.6169033150577695,0.808665997543224,0.7022353358959709,77219,wbf,0.6,0.001,1,1.000 0.500,submissions\phase0_rgbt2\rgbt_tta_val.json | submissions\gem_adapter_yolo_pretrained_fix_last_val.json
81,0.6171562116800375,0.8135041610336655,0.738370327504451,0.24755525820572363,0.6168934011094522,0.8076187668929407,0.7027222868075781,88602,wbf,0.65,0.0005,1,1.000 0.350,submissions\phase0_rgbt2\rgbt_tta_val.json | submissions\gem_adapter_yolo_pretrained_fix_last_val.json
82,0.6171094552494487,0.8135041610336655,0.738370327504451,0.24755525820572363,0.6167712534694199,0.8076187668929407,0.7024740109455091,86274,wbf,0.65,0.001,1,1.000 0.350,submissions\phase0_rgbt2\rgbt_tta_val.json | submissions\gem_adapter_yolo_pretrained_fix_last_val.json
83,0.6162125484469376,0.8133626409830955,0.7358578470905555,0.24542257215358917,0.6161649922951677,0.8074083526643231,0.701814157706933,79123,wbf,0.6,0.0005,1,1.000 0.350,submissions\phase0_rgbt2\rgbt_tta_val.json | submissions\gem_adapter_yolo_pretrained_fix_last_val.json
84,0.6161637361040112,0.8133626409830955,0.7358578470905555,0.24542257215358917,0.6160381305523895,0.8074083526643231,0.7015658818448641,77170,wbf,0.6,0.001,1,1.000 0.350,submissions\phase0_rgbt2\rgbt_tta_val.json | submissions\gem_adapter_yolo_pretrained_fix_last_val.json
